y,x1,x2,x3,x4
1,-3,-1.459220988233986,-0.952253285471496,A
1,-2.993993993993994,0.012029518455324462,1.7926262011732068,C
1,-2.987987987987988,-3.8882441829287426,-0.4979849524762209,C
0,-2.981981981981982,0.30100813789671554,0.19266431201156511,B
0,-2.975975975975976,-2.0706221300387906,1.9018420194152186,B
1,-2.96996996996997,-1.755007024761891,0.9812432639816707,C
1,-2.963963963963964,-2.59207394717442,0.40948774056454,B
1,-2.957957957957958,-1.128846346282534,-0.443622054024747,C
1,-2.951951951951952,3.520167039467584,0.8106510881047546,C
0,-2.945945945945946,-0.5595724660045254,-0.3155696523702593,C
1,-2.93993993993994,-0.1392404116878625,0.18574795577813216,C
0,-2.933933933933934,0.050159759791313784,1.3276923618311642,B
0,-2.9279279279279278,4.139175907431669,-0.45803434052936487,A
1,-2.921921921921922,-1.2835400942680761,0.35891158440025905,A
0,-2.915915915915916,-0.30123862528733003,-0.6326864035385891,B
1,-2.90990990990991,-1.9446110950004396,0.23165135220834795,A
1,-2.903903903903904,-3.424692112109755,1.2288497507250555,C
1,-2.8978978978978978,-0.08055944172151763,0.16718858652645063,C
0,-2.891891891891892,3.7834445071661658,-1.2744557806738332,B
1,-2.885885885885886,-0.05627386955660925,-2.242178801811309,A
0,-2.87987987987988,-0.7666448497696623,-1.2788043370978075,B
1,-2.873873873873874,-0.9269727792727085,0.060683179303465944,C
1,-2.8678678678678677,0.5601224738241051,-0.9619529066550074,C
1,-2.861861861861862,-1.7570985088305071,0.637720472177298,A
0,-2.855855855855856,4.047304748767404,0.22595889267098157,B
1,-2.84984984984985,1.8001553422531207,1.2456272914442814,C
1,-2.843843843843844,1.4254271643471723,-0.9856526121767462,C
1,-2.8378378378378377,0.11011182630666433,0.7243829997430753,A
1,-2.831831831831832,-0.5748631371070282,-1.493926827417809,A
1,-2.825825825825826,0.6282936769590947,0.021184837344524858,C
0,-2.81981981981982,0.450034325326619,0.25226121126416345,B
0,-2.813813813813814,4.088007322038575,-0.30717109784012475,C
1,-2.8078078078078077,-0.3614425056926946,-0.34719367029286974,C
1,-2.8018018018018016,0.3216291269521189,0.7126531806084452,A
0,-2.795795795795796,6.654518898602171,0.6638088495486871,B
1,-2.78978978978979,1.576884536691172,1.2140908670695088,A
0,-2.7837837837837838,-0.2693545332565392,-0.960585143175317,B
0,-2.7777777777777777,0.3954818373814456,0.5824656816968341,B
0,-2.7717717717717716,0.7121496259908866,-1.3820299175178978,B
1,-2.765765765765766,-3.7663057882640474,0.36655935081878516,B
0,-2.75975975975976,-0.6794708228293322,-1.012926461743516,B
1,-2.7537537537537538,-1.1054199048985345,-0.11370805691954888,B
0,-2.7477477477477477,-1.0495586856394907,-0.7191982629019187,B
0,-2.7417417417417416,-0.51529795602358,0.2789978630717146,B
0,-2.735735735735736,1.1341140881022156,-0.29793318422335613,B
1,-2.72972972972973,-0.27856270359982044,-0.12501931420227527,A
0,-2.7237237237237237,2.334606157878804,3.0699071372448397,B
1,-2.7177177177177176,-2.604279773091543,-0.47858433702637887,C
0,-2.7117117117117115,-1.0629458751136058,0.18481279153432306,B
1,-2.705705705705706,0.9848691282458385,-0.6195243900052252,C
1,-2.6996996996997,1.789080432309616,1.1869919521651093,C
1,-2.6936936936936937,-0.20703808536347112,-0.31457044392274,A
1,-2.6876876876876876,-0.5597105588474617,0.8710773918567862,A
1,-2.6816816816816815,-1.6839328236543147,0.7733124412073227,A
1,-2.6756756756756754,-1.5183850113161406,0.598778828038394,B
0,-2.66966966966967,-0.15385136440587632,1.711637250753161,B
0,-2.6636636636636637,3.726923904043301,0.38903819869132766,C
0,-2.6576576576576576,3.3670195474972706,0.3057245975995913,B
1,-2.6516516516516515,1.836727207842918,-0.2672360582402151,A
1,-2.6456456456456454,0.14078986968991053,-0.8333462206707756,A
0,-2.6396396396396398,1.034758343643341,2.36035299294614,B
0,-2.6336336336336337,0.2001799941907222,0.8999956790706349,B
1,-2.6276276276276276,1.3714292038998255,0.6879029323520477,A
1,-2.6216216216216215,-3.6375427050622453,1.0097437331380703,C
1,-2.6156156156156154,1.6193786248213777,-0.8254674795385609,B
1,-2.6096096096096097,0.7446953206530544,1.0972792363251604,C
1,-2.6036036036036037,0.9041487737934197,-0.18350012967888749,C
0,-2.5975975975975976,0.5379270341852899,0.014507102034362975,B
1,-2.5915915915915915,-0.14979827617472416,-1.9717204456902133,C
0,-2.5855855855855854,0.5116317452341422,0.36685784341741745,B
0,-2.5795795795795797,4.263560106907795,0.47115221331811835,C
1,-2.5735735735735736,1.5578310198824155,2.3665761561667678,C
1,-2.5675675675675675,-0.8994954047049867,0.2831164203440409,A
1,-2.5615615615615615,-3.598028412029933,0.19073801165471255,C
0,-2.5555555555555554,-0.12779775555250095,-0.1667397770142439,B
1,-2.5495495495495497,-4.160660056105266,-1.6967935818407403,B
0,-2.5435435435435436,0.6026670144690668,0.32499090190185753,B
0,-2.5375375375375375,-0.4820654862533979,0.2763606565644656,B
1,-2.5315315315315314,1.2182458648649201,-0.03775743524826976,A
1,-2.5255255255255253,-2.504732147723362,-0.37436232531336056,A
1,-2.5195195195195197,-3.518940348450299,2.5498240236317504,B
1,-2.5135135135135136,3.223986927155527,-0.15028023028334245,C
1,-2.5075075075075075,1.6491024172650888,-1.8245898772678804,A
1,-2.5015015015015014,2.951928674397324,0.15014688791309944,A
0,-2.4954954954954953,3.827510774028264,-1.0637932451268228,B
0,-2.4894894894894897,-2.134350068691271,-0.44277514722968186,B
0,-2.4834834834834836,-0.5327674826543815,-0.15345682264998836,B
1,-2.4774774774774775,1.1075792202823516,-0.02988382678979373,C
0,-2.4714714714714714,2.7750842020995545,-0.9103187859610166,B
1,-2.4654654654654653,-1.2759917678673856,-1.2338789287228822,A
1,-2.4594594594594597,0.4193786714611278,-0.05208513254595985,A
1,-2.4534534534534536,-0.14053868799383298,0.8855927449503549,A
1,-2.4474474474474475,-3.0475795989834995,-1.409755086772876,A
1,-2.4414414414414414,-3.6080260862297315,0.5630753296766955,B
1,-2.4354354354354353,0.579174797056238,-1.1413186217274154,B
1,-2.4294294294294296,-0.79521824310441,0.6534859714622759,C
1,-2.4234234234234235,1.6392794650341134,0.4391742343227253,C
1,-2.4174174174174174,-4.398730317235743,-0.669544106090664,A
0,-2.4114114114114114,2.5803578198459083,-0.41739318284917304,B
0,-2.4054054054054053,-1.3892297454085947,-0.21292677506774138,B
1,-2.3993993993993996,-0.6419237014711799,-0.13464470879967622,A
1,-2.3933933933933935,2.4076079718126104,2.6103265408082312,A
1,-2.3873873873873874,2.787285043382391,1.1947531958392619,C
1,-2.3813813813813813,1.4197881996011426,-0.5132708138327123,C
1,-2.3753753753753752,0.22217208669136954,1.1005806680880232,C
1,-2.3693693693693696,-0.992855141423938,1.5828583494310131,A
0,-2.3633633633633635,4.089871233129201,-0.514533323823419,C
1,-2.3573573573573574,1.8148696997143472,-1.3993525479220437,C
1,-2.3513513513513513,-0.5068085322596309,0.8911781555655364,A
1,-2.3453453453453452,1.4684270424739176,-0.5601996924025697,C
1,-2.3393393393393396,0.6081351201902155,-0.02966993795713817,A
1,-2.3333333333333335,-3.032447526737531,-1.753170817922219,B
1,-2.3273273273273274,-0.4275033205467101,-1.4429477060425586,C
1,-2.3213213213213213,0.020950745227576388,-1.2600065813457317,C
1,-2.315315315315315,-0.4092468040488656,0.2422914652858222,A
1,-2.3093093093093096,-0.8438105585743169,-0.5289504935139199,C
1,-2.3033033033033035,-2.697458009749461,1.3156536353868233,A
0,-2.2972972972972974,0.2921950892053002,-0.3515029799164749,B
1,-2.2912912912912913,3.262900231913697,0.3298545283865057,C
0,-2.285285285285285,-0.7339257831521302,0.12038386442800474,B
1,-2.2792792792792795,-4.518580588353864,-0.45954150472471295,B
1,-2.2732732732732734,-2.9431627700078065,-1.272471719948208,B
1,-2.2672672672672673,-2.400561413115886,1.4277989228975656,C
1,-2.2612612612612613,-2.5906552089610466,1.256756927471111,A
1,-2.255255255255255,1.8250378133198928,-1.6019206181506953,C
1,-2.2492492492492495,-0.765827900878576,0.018632296720605533,A
0,-2.243243243243243,-1.5219037714843047,0.4517775422837792,B
1,-2.2372372372372373,2.3048665794516716,-1.3947985950208368,A
1,-2.2312312312312312,2.078968017115587,-0.45907968590263987,C
1,-2.225225225225225,-3.470915408544495,0.10064062143748291,C
1,-2.2192192192192195,1.312768665374892,0.8285394018687025,B
1,-2.213213213213213,1.9592886227338422,-0.8539543799009558,B
1,-2.2072072072072073,2.3060743135334825,0.32370773177273277,A
1,-2.201201201201201,2.4176014873423988,-1.1701547796112042,A
0,-2.195195195195195,-0.7162403219469716,-0.24437947678385646,B
0,-2.189189189189189,4.664091652997135,0.018549615058878654,B
1,-2.183183183183183,1.2593479881309984,0.40125178728989236,C
1,-2.1771771771771773,-0.15055557958429971,-0.6726509928803602,C
1,-2.171171171171171,1.7461594519339174,-0.12643700382824113,A
1,-2.165165165165165,-0.44341693929479037,-1.4879024721518075,C
1,-2.159159159159159,-2.688236247095373,0.5135649181068448,B
0,-2.153153153153153,-0.7905286587105183,-0.6886454588841054,B
1,-2.1471471471471473,0.9442132867172541,-0.34145604380947703,C
1,-2.141141141141141,1.7245737507257504,-0.9123372644559072,B
0,-2.135135135135135,3.0891482963944665,0.05448956942483735,B
1,-2.129129129129129,0.36134490838881145,-0.9760515978120511,C
1,-2.123123123123123,2.367192103149612,-0.5424900708389102,A
1,-2.1171171171171173,-1.8615603258616789,-1.3947160851560227,A
1,-2.111111111111111,1.5424285911781086,-0.7365930107342903,A
0,-2.105105105105105,4.34495323685031,0.763841468350183,C
1,-2.099099099099099,-1.5457987953694354,-0.31044331177899204,C
0,-2.093093093093093,-1.3577826941861004,-0.493786279427439,B
1,-2.0870870870870872,-0.6535610668395316,0.5479435055081807,C
1,-2.081081081081081,1.7045206963812725,0.46794318345556085,A
1,-2.075075075075075,-2.8559717709011307,0.7617371418705401,C
1,-2.069069069069069,2.7884917805453737,-0.5061366031115879,A
1,-2.063063063063063,-3.0367212050011894,-0.5338929244926923,A
1,-2.057057057057057,0.35230931267154153,-0.8987647944896242,A
0,-2.051051051051051,4.756065258166866,-0.24605701366863147,A
1,-2.045045045045045,2.2873068926519857,0.22254668103055253,A
1,-2.039039039039039,0.3048481879047379,0.009881523172464221,C
1,-2.033033033033033,0.5086037366005673,-0.3186824785457436,A
0,-2.027027027027027,-0.4750838329786057,1.3102959688379436,B
1,-2.021021021021021,-2.699033124451431,0.11807755437353931,A
1,-2.015015015015015,0.4472437580693053,-0.2975652408142456,C
1,-2.009009009009009,0.1579716655515805,-0.2253431011820134,C
0,-2.003003003003003,-0.01051923034149254,-1.1754205373040971,B
0,-1.996996996996997,0.10542340839244235,-0.9909083384375594,B
1,-1.990990990990991,-1.7526359003323493,1.1987149243474533,A
1,-1.984984984984985,-3.0770609225965977,0.1997735726737855,B
1,-1.978978978978979,-3.3654488336175166,-1.9990275312186463,C
1,-1.972972972972973,-1.2005282127394878,-0.4159005527942444,C
1,-1.966966966966967,-1.0856181200537858,0.8423158465666809,A
0,-1.960960960960961,-1.7519075895002978,-0.07526353305835498,B
1,-1.954954954954955,-0.15218183629248763,-0.07518230553424372,C
1,-1.9489489489489489,1.7693964803704716,0.9322953888206892,A
1,-1.942942942942943,-0.43622275445994646,-0.24050207564406606,C
0,-1.936936936936937,0.12119117189400315,-0.09330445134887246,B
1,-1.930930930930931,0.6409907948688778,-1.714488017733576,C
1,-1.924924924924925,-0.755615630333987,-0.9270127054728811,C
0,-1.9189189189189189,0.7863494493661447,0.6753473711292955,B
1,-1.912912912912913,-1.7224326670080607,-1.7470910692233566,C
0,-1.906906906906907,0.42075995807061495,0.16346413765187898,B
1,-1.9009009009009008,1.2146984885856085,-0.24614237404834496,B
1,-1.894894894894895,0.8016488310075185,1.0409079637033254,A
1,-1.8888888888888888,-2.3803113730728698,0.38648490660705787,B
0,-1.882882882882883,1.2679939535712466,0.4093958725079864,B
0,-1.8768768768768769,-0.3453740267799694,-0.037032090144514085,C
1,-1.8708708708708708,-2.640387924805637,1.8214322692350473,C
1,-1.864864864864865,0.15472606534668046,0.590392172695473,A
1,-1.8588588588588588,0.31697067271946616,-1.652523326493179,B
0,-1.852852852852853,2.004656946139128,-0.4846686782760966,A
1,-1.8468468468468469,-0.9301852146440237,-0.6582987635044142,A
1,-1.8408408408408408,1.0595107946493598,1.1200195292607509,A
1,-1.834834834834835,-0.1340703466795513,-0.7596983725725169,A
1,-1.8288288288288288,-1.4521941498162783,-0.13571221035295047,A
1,-1.822822822822823,-1.6942529049151713,0.20634692546746677,C
1,-1.8168168168168168,0.3346938471237821,0.02314025998674352,C
1,-1.8108108108108107,0.008770349001621599,2.115550720181677,B
1,-1.8048048048048049,1.3977832457545287,0.18226605790842712,A
0,-1.7987987987987988,-0.9090392587188181,-0.027940802275587994,B
1,-1.792792792792793,0.05983066961695533,0.33603223574610075,A
1,-1.7867867867867868,0.6133047673853959,-0.0718366752850878,B
0,-1.7807807807807807,-1.7256102276898653,-0.026377624003153646,A
1,-1.7747747747747749,1.1871633075837553,0.22180236284594962,C
1,-1.7687687687687688,-2.31714927159031,-0.21643611434985655,A
0,-1.7627627627627627,0.8715845311549197,0.45675569974246866,A
1,-1.7567567567567568,-5.784634568193409,0.7685233142179866,A
1,-1.7507507507507507,2.5172448965722842,-0.6189260120095523,C
1,-1.7447447447447448,0.7381796369251257,0.113740102055435,A
0,-1.7387387387387387,-1.3126568005510548,2.004994959634123,B
0,-1.7327327327327327,2.2841081855989454,-0.031508677780558526,B
1,-1.7267267267267268,-2.3744483256021045,0.8288176758295384,C
1,-1.7207207207207207,-0.23106405350622575,-0.5080633286393625,A
1,-1.7147147147147148,-1.5812608219824997,-0.5411578007235408,C
1,-1.7087087087087087,2.3172621804073197,0.5289870323253288,B
1,-1.7027027027027026,2.4298560400860474,0.26261316715773725,B
1,-1.6966966966966968,-1.553103937876744,0.8535592469349269,A
1,-1.6906906906906907,-3.7208036489324137,-0.3874350497403007,C
0,-1.6846846846846848,-0.8427219370931711,0.13071010579736925,B
0,-1.6786786786786787,-0.7475592634796497,-1.3444999046748898,C
0,-1.6726726726726726,-0.49461400733991673,1.6623614089533472,B
1,-1.6666666666666667,0.8381031257804896,-1.8498248081542676,C
1,-1.6606606606606606,-0.5971417849694929,0.07503802869468605,A
1,-1.6546546546546548,-0.7490019458852313,0.38392731195081237,A
1,-1.6486486486486487,-0.19819880223776024,0.9929106135746845,A
1,-1.6426426426426426,1.5879155255460526,-0.3763998959848608,A
0,-1.6366366366366367,0.22055521155678576,-2.5340744132162087,B
1,-1.6306306306306306,-0.670223593795155,2.237238338876652,A
1,-1.6246246246246245,-3.06750658491684,0.44676947218100066,C
1,-1.6186186186186187,-2.8412883282945396,-0.2894894163339565,A
1,-1.6126126126126126,0.2243215820521062,-0.9358235742814099,A
1,-1.6066066066066067,-0.6815806871565956,0.7790758792750887,A
1,-1.6006006006006006,-2.151633536250295,0.12412616843563039,B
1,-1.5945945945945945,-1.4618171091144614,-1.410369502698248,A
1,-1.5885885885885886,1.5532057586121506,-0.5544065497496157,C
0,-1.5825825825825826,2.795170317224161,-1.4862034749193884,B
1,-1.5765765765765767,2.5409947370407866,-1.2963330893331695,A
0,-1.5705705705705706,-0.706975174813522,-0.18973702279711435,A
1,-1.5645645645645645,-1.6271971672559786,-0.5580391400407492,B
1,-1.5585585585585586,-1.2817346433284393,0.8042147788622006,A
1,-1.5525525525525525,-0.011472842619580231,1.145944820016431,A
1,-1.5465465465465467,-3.364348181212544,2.149645871070844,B
1,-1.5405405405405406,-1.889069585067886,-0.6181054714484864,C
1,-1.5345345345345345,1.3515198016152623,0.32918296576520006,A
1,-1.5285285285285286,-1.656265306861898,0.5544486582075795,A
0,-1.5225225225225225,2.091916842701683,-0.03335621242270904,B
0,-1.5165165165165164,-1.6951161022533963,-0.5882285503892566,B
1,-1.5105105105105106,0.7107434026796597,-0.10065513596852566,A
1,-1.5045045045045045,-1.448303197208213,1.673208281266714,C
0,-1.4984984984984986,1.7064891804392561,1.2319486516575708,B
1,-1.4924924924924925,2.2054278938847665,0.34917111320882943,A
1,-1.4864864864864864,-2.6992069873713866,0.14717657613077673,C
1,-1.4804804804804805,0.9683461475391018,1.4619129875364196,C
1,-1.4744744744744744,0.5894304234064667,-1.0433852622381177,C
1,-1.4684684684684686,0.8858132506969876,-0.25833215319667285,A
0,-1.4624624624624625,3.959978989554859,-2.507635643601924,A
0,-1.4564564564564564,-0.9433885352140244,0.07682683759827474,B
1,-1.4504504504504505,0.2382991468300783,-1.590399274566166,C
0,-1.4444444444444444,3.377441286116451,0.5619492529571943,B
1,-1.4384384384384385,0.8208148939868507,0.22763419890344294,C
1,-1.4324324324324325,-2.1859269223174818,-0.6636258511544145,C
0,-1.4264264264264264,-0.03787127160202744,0.5503324052040405,B
0,-1.4204204204204205,1.92724667990034,1.522157147916636,B
1,-1.4144144144144144,-3.769938462219022,0.4108149446599856,B
0,-1.4084084084084085,3.7377062442358864,-0.021828332754796412,B
0,-1.4024024024024024,2.984908126934383,1.345229060699206,A
0,-1.3963963963963963,-1.38557644672209,-1.5705143973259181,A
0,-1.3903903903903905,0.6642266946240282,-1.3524713098985457,B
1,-1.3843843843843844,0.5289457387069534,0.20701518909509287,C
0,-1.3783783783783783,-0.13392428421830144,-0.455875060210866,C
1,-1.3723723723723724,-2.5205493782482353,-0.13284617266366455,A
0,-1.3663663663663663,-0.3102801193454342,0.9047075865431624,B
1,-1.3603603603603605,-2.9918748841047407,0.41821618488418283,B
0,-1.3543543543543544,0.41816833414547216,-0.19220142944511195,B
1,-1.3483483483483483,-2.1683556903740215,-0.910411420331203,C
1,-1.3423423423423424,-1.6628632328748254,-1.4907844573933784,A
0,-1.3363363363363363,3.4546887140854254,-0.1783853946795981,B
0,-1.3303303303303304,-0.4638791935548351,0.16016290735218258,A
0,-1.3243243243243243,1.6880475030684836,-0.9881291042983933,B
1,-1.3183183183183182,-3.095971975436936,1.7885289318104307,C
1,-1.3123123123123124,2.191285300455204,0.7165127445789438,B
1,-1.3063063063063063,0.30660639836987935,0.1734475343674263,C
0,-1.3003003003003004,4.015152683553235,1.975536397154302,A
1,-1.2942942942942943,-1.4161509692142997,0.486539817397204,A
1,-1.2882882882882882,-1.3007262865587526,-0.614121946089522,C
1,-1.2822822822822824,1.2533541567430797,-0.48975970979265837,A
1,-1.2762762762762763,-2.1487989752665158,1.7191069672554613,C
1,-1.2702702702702702,0.8183644786847357,-1.0353817551229136,C
0,-1.2642642642642643,2.5305391923930833,-2.0010953245688587,B
1,-1.2582582582582582,1.7260349559607575,-0.8070150798993652,B
1,-1.2522522522522523,3.4176689134268887,1.059069767980831,B
1,-1.2462462462462462,-4.025704101763768,-0.04475861268450382,C
1,-1.2402402402402402,1.4870746697398014,0.12601339776610052,A
1,-1.2342342342342343,-3.9522891766874135,1.2676005239388684,C
1,-1.2282282282282282,1.1971397399352905,-0.5106749942710042,B
1,-1.2222222222222223,-3.2747380303737113,-0.8680836728999035,B
1,-1.2162162162162162,0.5678728648424991,0.5341067469351458,A
1,-1.2102102102102101,0.0014376249335731194,-0.33161483147659326,C
1,-1.2042042042042043,0.1893719658655856,-0.9198755979721838,A
1,-1.1981981981981982,-2.2898948240559176,0.6476286418402997,A
0,-1.1921921921921923,0.7202701550618729,0.003307330904499873,B
1,-1.1861861861861862,0.9209556385706548,-0.7343360616692495,C
1,-1.1801801801801801,-2.9113739220657373,-2.2797429580048516,B
0,-1.1741741741741742,-0.8272957652254058,-2.3654336484798275,B
1,-1.1681681681681682,0.8673086655933907,-2.079709713622109,C
0,-1.1621621621621623,-1.7053155251025403,2.044296813237112,A
1,-1.1561561561561562,-0.6534142740166317,0.637022468058019,A
1,-1.15015015015015,0.872476842191409,-1.9867408852873614,B
0,-1.1441441441441442,-0.5844769603963016,-0.8823609592309128,B
0,-1.1381381381381381,-0.8572364693552738,-0.6519284773593774,A
1,-1.132132132132132,-0.22954002451256492,1.516249724387165,C
1,-1.1261261261261262,1.7796886843356494,-0.9509300651043182,C
1,-1.12012012012012,-4.269621882696615,-1.3203594727610213,A
1,-1.1141141141141142,0.34211779376451634,-0.7204089205931996,B
1,-1.1081081081081081,2.14223418823399,2.343130824804735,A
1,-1.102102102102102,1.9267822585156202,-0.37895987100230205,C
1,-1.0960960960960962,3.0399669104896967,0.3704318190528862,C
1,-1.09009009009009,0.7810563742349472,-2.045711471073518,A
1,-1.0840840840840842,-2.0451535041484483,0.12444806611834697,A
1,-1.078078078078078,-2.482946665068912,-1.1056939099025591,A
1,-1.072072072072072,-2.802762525111055,0.5762123087868605,C
1,-1.0660660660660661,1.1192160487546332,1.1346617530164262,C
1,-1.06006006006006,-0.528022097627163,-0.47028654120277663,C
1,-1.0540540540540542,-2.956332298259252,0.8398911207762074,C
1,-1.048048048048048,0.25988712589458646,-0.4310251333459121,B
1,-1.042042042042042,0.9904996415929896,1.15048943115757,A
1,-1.0360360360360361,-0.29903720159988173,1.3444551743114934,C
1,-1.03003003003003,-2.891286016513204,-1.2654642333714763,B
1,-1.0240240240240241,-0.24950112807561037,1.6988021265720594,A
0,-1.018018018018018,3.935488046484209,-2.3321737222270964,B
1,-1.012012012012012,1.0681813047814464,0.8193262572816962,C
0,-1.006006006006006,-0.19532150245101323,-0.008939769579012753,C
1,-1,0.20173771479845326,0.4206573200877955,C
0,-0.9939939939939939,1.8508396228370878,1.0727435442628894,B
1,-0.9879879879879878,1.9850833911581462,-0.5023274859861151,C
1,-0.9819819819819822,-2.8917220321215558,1.4389189571256835,B
1,-0.9759759759759761,2.06789287241979,-2.122661054158635,C
1,-0.96996996996997,-4.725729252902695,1.0151113304706596,A
1,-0.9639639639639639,-0.5480959688158454,-1.3710420299087929,C
1,-0.9579579579579578,2.1163544995835006,1.3380908960934814,C
1,-0.9519519519519521,-0.3371678172705361,-1.0761698749382236,A
0,-0.945945945945946,-1.0331342943452344,0.7057682741738758,B
0,-0.93993993993994,-1.1267353498642532,-0.02056259399582245,A
1,-0.9339339339339339,1.2186254331456559,-0.7692251910057918,A
0,-0.9279279279279278,-0.002914825098858892,0.08882989082659742,B
1,-0.9219219219219221,-2.007107423610648,-0.06615253449137781,C
1,-0.915915915915916,-2.8152449269895987,0.8408676011882339,C
1,-0.9099099099099099,-2.273408238754174,0.670063492527019,C
1,-0.9039039039039038,0.497483100585936,-0.5170824487292885,C
1,-0.8978978978978978,-2.642997470155826,-0.788889627634673,B
0,-0.8918918918918921,0.9693895886231454,-0.07308283636824989,B
1,-0.885885885885886,1.1019829811260864,-1.7851119858549165,C
1,-0.8798798798798799,0.4141343610414878,0.7485059555933479,A
1,-0.8738738738738738,-1.4887136466507658,-1.7728947129302446,C
1,-0.8678678678678677,-2.8200339206232603,-0.06448165537258974,A
1,-0.8618618618618621,-0.5007937847146778,1.283353915115616,C
1,-0.855855855855856,0.6346189967956983,-2.0384309924623754,A
1,-0.8498498498498499,-0.6180482128698868,-0.8128618735310024,B
1,-0.8438438438438438,-1.1448613913841286,0.8363057396660246,A
1,-0.8378378378378377,-0.32923862882425897,1.4049864475292386,C
1,-0.8318318318318321,-2.56150466085438,0.26342232863436593,A
1,-0.825825825825826,1.6169822303783306,-0.627631500338142,A
0,-0.8198198198198199,3.535845953097287,0.329685171395471,C
1,-0.8138138138138138,2.9128271127651537,0.0024336092018844356,B
1,-0.8078078078078077,-3.088859791178831,-0.620888521084242,C
0,-0.8018018018018016,3.582581602192409,-0.10025845404356684,B
1,-0.795795795795796,-0.21764367874327598,-0.4848616392298733,B
0,-0.7897897897897899,-0.7608376321216939,0.6086354071802744,B
1,-0.7837837837837838,2.633899163053917,-1.2894070599407483,B
1,-0.7777777777777777,1.0305797458296737,-0.5366690670775979,A
1,-0.7717717717717716,0.8881040864415708,-0.3499571408335118,C
1,-0.7657657657657659,-1.8751523586535945,-0.4049695997550851,C
1,-0.7597597597597598,-0.9644768931074674,-0.831198826296298,A
1,-0.7537537537537538,-3.351416660390948,1.045496449721526,B
1,-0.7477477477477477,-1.2178542105737202,-0.7707132095481517,A
1,-0.7417417417417416,1.219794741645613,-0.21017843162892944,A
1,-0.7357357357357359,0.09375651593208852,0.2608044649823783,C
0,-0.7297297297297298,0.35980041376107025,-0.08395239161237507,B
1,-0.7237237237237237,-1.6262706515958856,0.060335835540741976,C
0,-0.7177177177177176,0.09217917864000627,0.11374472573785618,B
1,-0.7117117117117115,-0.7312170808180755,-0.4702272387274559,C
1,-0.7057057057057059,0.09668875373989759,-0.09039876565817233,A
1,-0.6996996996996998,-0.020407555606310697,-0.04484293645853598,C
1,-0.6936936936936937,1.6199333225966268,0.3977855332284291,C
1,-0.6876876876876876,-1.64441538347224,0.9802127937500935,B
1,-0.6816816816816815,-0.0989949494784806,-1.8388379837260267,A
0,-0.6756756756756759,-0.9728973089469207,0.7362681943003837,B
0,-0.6696696696696698,-0.0786577067519111,-1.28688303647429,B
0,-0.6636636636636637,0.0013732930009842947,-3.368509587249213,B
0,-0.6576576576576576,2.9530980445524753,-0.30256418622272846,B
1,-0.6516516516516515,-2.7224693924085637,-0.1850717960296089,A
1,-0.6456456456456459,1.5741814528684608,2.0453182956992664,A
0,-0.6396396396396398,5.86760303384882,-0.782688415523204,A
1,-0.6336336336336337,0.2960867247389636,-0.8655032657023068,A
0,-0.6276276276276276,-0.3915417448361474,-0.9012247385812121,B
1,-0.6216216216216215,0.2195645657515909,-0.12313017359897392,C
1,-0.6156156156156158,-0.4559321322444663,-0.4903985306540791,A
1,-0.6096096096096097,-1.2975742916676647,-1.621007150463184,C
0,-0.6036036036036037,-1.4688054449349774,-0.11495776135155197,A
1,-0.5975975975975976,2.778562184852581,-0.11191914772809228,C
1,-0.5915915915915915,1.7772098178557665,1.9794622054855677,A
1,-0.5855855855855858,-2.262662819646817,-0.4848481708979526,B
1,-0.5795795795795797,-5.20204319376936,-0.8793980428793963,C
0,-0.5735735735735736,2.138921104604092,2.043042572727472,A
1,-0.5675675675675675,-0.06679478480764064,-1.6893811763830595,C
1,-0.5615615615615615,-1.9704121759951723,-1.0530204686495692,C
1,-0.5555555555555554,0.6980178746932765,-0.879714533385179,A
1,-0.5495495495495497,-0.3789005296067993,-0.8719235233478752,A
1,-0.5435435435435436,-0.1526335775126852,0.6313786112379376,A
1,-0.5375375375375375,-2.6959760048942685,1.3718603900451676,B
0,-0.5315315315315314,0.2519531934899027,-2.027018989030902,B
1,-0.5255255255255253,-1.2001704679238725,-0.04419128000516785,C
0,-0.5195195195195197,-0.17903930978271038,-0.06750253833060267,A
1,-0.5135135135135136,-2.7039717898790965,-0.44621823267595007,C
1,-0.5075075075075075,0.6775840638953593,-1.283576352772311,B
0,-0.5015015015015014,-1.053784186002982,-0.11359706096697093,A
1,-0.4954954954954953,0.9116258406263148,2.2858453365233453,A
1,-0.48948948948948967,-2.105563930282337,1.6120507726024926,B
1,-0.4834834834834836,-1.3483232746543323,0.028610342725232007,C
1,-0.4774774774774775,1.2139433604721634,1.0250323942027262,B
1,-0.4714714714714714,2.727879763002928,1.303330055390856,C
1,-0.4654654654654653,1.7549364297376828,-0.40981439053859336,A
1,-0.45945945945945965,-1.609595514351227,0.9685702490649627,A
1,-0.45345345345345356,-0.369786926475765,0.207758269088431,C
0,-0.44744744744744747,0.8035047273141482,-0.23753949798098647,C
1,-0.4414414414414414,0.2664180424897549,-0.1582975000157402,C
1,-0.4354354354354353,1.9660816421836491,-0.8625762297423051,C
0,-0.42942942942942963,-1.0526667696085463,-0.7502742474160075,B
0,-0.42342342342342354,0.7673029993894042,0.3259551792963467,B
1,-0.41741741741741745,-0.25642334671853123,-1.196666950605567,C
1,-0.41141141141141135,2.045484132130833,-0.6369084997924875,A
1,-0.40540540540540526,-1.0745819407329742,-2.8121901773997404,B
1,-0.3993993993993996,-1.1432260681326523,0.5022279544070958,C
0,-0.3933933933933935,5.366162837621184,0.4040796165827994,A
1,-0.3873873873873874,-1.72081085582095,-0.9495142283849856,C
1,-0.38138138138138133,-2.531820626521048,0.24227311315675304,C
1,-0.37537537537537524,1.244058364034272,0.30896410055992307,B
0,-0.3693693693693696,3.0356273329810617,-0.2293783401326777,A
1,-0.3633633633633635,0.040199792146520884,1.9722075382999518,A
1,-0.3573573573573574,-1.5192946640323712,-0.1518367351372431,C
0,-0.3513513513513513,3.5340172007600126,-0.18522158335004116,A
0,-0.3453453453453452,-1.2402138033522296,-0.3203568177869046,A
1,-0.3393393393393396,1.5787407787943648,-0.15090779455718983,C
1,-0.3333333333333335,-0.9252225385686149,1.0825439646278268,A
1,-0.3273273273273274,-0.47769258239539475,0.18543328854398222,C
1,-0.3213213213213213,-1.3659048007115973,0.7184232623883922,A
1,-0.3153153153153152,0.799340122858152,1.457195924878544,C
1,-0.30930930930930955,3.004088187168792,1.1960335269618885,A
1,-0.30330330330330346,2.377269517282968,0.5053707130697923,C
1,-0.29729729729729737,-1.8815305855837965,1.2221452484496484,A
1,-0.2912912912912913,1.0721452305078725,-1.6583014405924665,B
0,-0.2852852852852852,-0.20744500138607158,0.5860949162714787,A
1,-0.2792792792792791,-2.7646549150365924,0.34098761276304934,B
0,-0.27327327327327344,4.694914956148041,0.7858505719332224,A
1,-0.26726726726726735,2.1640399485845774,-1.5681020436891095,C
1,-0.26126126126126126,-2.3202623986825675,-0.5323977444212534,C
1,-0.25525525525525516,2.1903966980385317,0.7747968693814367,B
1,-0.24924924924924907,-0.08831075091831489,-0.7038331327990263,C
1,-0.24324324324324342,-4.165763637550165,-0.8169889968310337,C
1,-0.23723723723723733,0.37617054403991784,0.22880105936954956,B
0,-0.23123123123123124,-1.0125042401824398,-1.1853461049458196,C
1,-0.22522522522522515,-2.0919722263736085,0.6273736724535712,A
1,-0.21921921921921905,-2.4428060529440625,-0.8718867551708183,B
1,-0.2132132132132134,0.639437003367108,-0.7083504813416356,A
1,-0.2072072072072073,-0.49885917175498584,-1.002497547013085,C
1,-0.20120120120120122,1.8432235155382428,0.06091349448744671,C
0,-0.19519519519519513,2.4007326002981566,1.7220492552929543,A
1,-0.18918918918918903,-3.265730216510828,1.362118568738324,C
1,-0.18318318318318338,0.6432426723390956,0.27831952041291164,C
1,-0.1771771771771773,-0.19419069342128809,-1.1636484758964245,C
0,-0.1711711711711712,1.2880012431670014,0.36256807940004687,C
1,-0.1651651651651651,-4.797368143764787,0.14777317026798414,C
1,-0.159159159159159,0.6257540264647221,-1.1260974010296372,C
1,-0.15315315315315337,-0.4939159189509589,-1.3391090021325582,C
1,-0.14714714714714727,1.6440114376649315,-0.5810790255852698,C
1,-0.14114114114114118,-3.216398317911864,0.36372933351004877,B
0,-0.1351351351351351,-0.44610311475602754,1.071366976767905,C
1,-0.129129129129129,-1.055035192657263,-0.06966240280910471,A
1,-0.12312312312312335,0.7976837402112743,-0.9766488742763622,A
1,-0.11711711711711725,1.534570691623822,1.1837323785257736,B
0,-0.11111111111111116,-0.046301248742103625,-2.1832016081179066,A
0,-0.10510510510510507,-0.19000592574779213,-2.339603760221606,B
1,-0.09909909909909898,-1.5308861018746502,0.26682238155199645,B
1,-0.09309309309309333,1.0045629808713892,1.3264126604876008,A
1,-0.08708708708708723,-3.7748641829418945,-0.7245305983628018,C
1,-0.08108108108108114,0.1108753125738203,0.49064906351494947,B
0,-0.07507507507507505,0.2715685996851672,1.3792015316500683,A
1,-0.06906906906906896,1.4270436244651015,0.47285573744750475,C
1,-0.06306306306306331,2.5727849559151426,3.0249882751788517,A
0,-0.057057057057057214,-1.2252107798100471,-0.4691430149823042,B
0,-0.05105105105105112,-1.3353538128596776,1.121659021282865,C
1,-0.04504504504504503,-0.06041834618892488,-1.237766798151809,C
1,-0.039039039039038936,1.6559839418580666,1.0165737653690992,B
1,-0.033033033033032844,-2.5199652415198366,1.6142974205252978,A
0,-0.027027027027027195,3.2188989618915835,0.8818477935864627,C
1,-0.021021021021021102,-0.2276595284487065,-1.431239889888489,A
1,-0.01501501501501501,0.34815495545606767,0.21080619145542856,A
1,-0.009009009009008917,2.6431653527624244,-0.5461109318981769,A
1,-0.0030030030030028243,1.3096631369197078,2.700381082460219,A
1,0.0030030030030028243,-1.6493021517871267,2.02005422928496,A
1,0.009009009009008917,-2.493840401072416,1.7700308808202123,B
0,0.01501501501501501,2.8727234681535547,-1.308083488914005,B
1,0.021021021021021102,0.7801572708800718,-1.1521715698975399,A
0,0.027027027027027195,1.5115185744277106,-2.0802866011310415,B
0,0.033033033033032844,-0.35903577021550237,0.41442053267782214,A
1,0.039039039039038936,0.4982356643865531,0.9975343842026757,B
1,0.04504504504504503,1.5572620314817645,0.4030325721084163,A
0,0.05105105105105112,-0.059143862879694316,1.7359458152545515,A
1,0.057057057057057214,3.1406157036700413,-0.28250630348598843,B
1,0.06306306306306286,-0.7644636869083736,-0.5255629770027836,B
1,0.06906906906906896,-0.6089847635586388,-0.22864427860910347,B
1,0.07507507507507505,-2.931518737928441,-0.11085007927805976,A
1,0.08108108108108114,1.5668200432765573,-0.7147252440711289,B
0,0.08708708708708723,1.753684687579382,-0.5791645228060535,C
0,0.09309309309309288,-0.11365016049265776,0.6250928303839803,A
1,0.09909909909909898,0.9133912488762489,0.5309271358878991,A
1,0.10510510510510507,-2.0583109885480284,1.1313375735073983,B
0,0.11111111111111116,-1.1193666318596838,-1.5498199435836368,C
0,0.11711711711711725,3.8902753581737453,-1.018840986379793,B
0,0.1231231231231229,-0.5787149673092615,0.5926313997969909,A
0,0.129129129129129,0.8138296888498016,-0.3958746740616787,A
1,0.1351351351351351,2.417709006187906,-0.2483680390619205,C
1,0.14114114114114118,1.3500595475027952,0.8745018698480802,A
0,0.14714714714714727,-0.758654739630936,-0.36937582123540874,A
1,0.15315315315315292,2.6485432059931826,0.6240773156458229,C
1,0.159159159159159,0.5787814857530448,-0.24855833167034283,C
1,0.1651651651651651,2.9400488517549133,0.14236559416683647,C
1,0.1711711711711712,0.5213123752838544,-0.6196884802479471,A
0,0.1771771771771773,2.9091978178786517,-1.374468806246538,C
1,0.18318318318318294,1.241806801562661,0.22554701491173038,C
0,0.18918918918918903,-0.5401666830508056,0.5057532952906301,A
0,0.19519519519519513,-0.1603573323737716,1.2780890348663103,A
0,0.20120120120120122,1.3860311982180147,-1.217155977505399,A
0,0.2072072072072073,-0.18110418518174623,-1.0757877493867325,C
1,0.2132132132132134,-0.7700838953921024,0.895886634440347,B
1,0.21921921921921905,-2.3165610238435623,1.5562686983225238,B
0,0.22522522522522515,-0.4075674532157733,-1.2553621367587544,C
1,0.23123123123123124,-3.552553081698997,0.03541397049341157,C
1,0.23723723723723733,-1.280837671467767,-0.5284325118689279,A
1,0.24324324324324342,-0.7683868531908681,-0.20022416226775813,B
0,0.24924924924924907,-0.2900918098004383,1.181924810679754,C
1,0.25525525525525516,-2.054701096483523,-0.388038878220483,B
0,0.26126126126126126,-0.5246575450710714,0.6722301510000412,C
1,0.26726726726726735,-2.550150957852916,-0.19008169024201396,B
1,0.27327327327327344,-2.1155887050860587,-1.9767826118371978,C
0,0.2792792792792791,-0.14798277144806155,0.5585170094047196,C
1,0.2852852852852852,1.8363502595164722,-1.1089672286328296,A
0,0.2912912912912913,1.3395407398885546,-1.3254916588480783,A
0,0.29729729729729737,1.0341977741009072,-0.17024023806932864,B
1,0.30330330330330346,0.5559413128209596,2.0066004891401192,A
0,0.3093093093093091,-0.9052159509767848,-0.4709922275789093,C
1,0.3153153153153152,-1.367500053556402,-0.9434430983280296,A
0,0.3213213213213213,-0.4549686899452568,-1.783549094730734,A
0,0.3273273273273274,-1.0912269782289579,0.7203689656675106,A
1,0.3333333333333335,1.4581352404926915,0.2039502415978268,B
1,0.33933933933933913,-2.7153705174545593,-1.4807175203537852,A
0,0.3453453453453452,-1.766276651303332,-0.7071446531334213,B
1,0.3513513513513513,1.105142401566326,-1.450725506529899,C
1,0.3573573573573574,-1.1875425059226938,1.3811020775051424,B
1,0.3633633633633635,-1.4575966234175781,1.3478403563894457,B
0,0.36936936936936915,-1.4417481425001455,-0.022120809372659304,A
1,0.37537537537537524,-1.9190840434675804,1.076961596788619,B
1,0.38138138138138133,1.522325808254214,1.551430013849053,A
0,0.3873873873873874,-0.538552667085798,-1.3823039488830513,B
1,0.3933933933933935,-0.7276262471153866,-0.15926735639523645,B
1,0.39939939939939917,1.394056631613709,-0.20193019689126343,B
1,0.40540540540540526,0.7459117174158889,0.5498345511234238,B
1,0.41141141141141135,-2.5134682685040075,0.03949979603375091,C
1,0.41741741741741745,-1.7372930676824836,-0.1794118087952094,B
0,0.42342342342342354,-0.8876268165623381,0.14181240560747901,B
1,0.4294294294294292,2.436069842496744,-2.4214848799218545,A
1,0.4354354354354353,-0.5518059720076202,0.8465767641650845,A
0,0.4414414414414414,-0.548322091029293,-1.1640426848443493,B
1,0.44744744744744747,0.8811869448550725,-0.8997444933125593,B
1,0.45345345345345356,-2.7831694301369847,0.08628972211405031,B
0,0.45945945945945965,-0.8278487197948331,-0.920163207041677,B
1,0.4654654654654653,2.3130960408816086,-1.3126649573971674,C
1,0.4714714714714714,-1.0051817223108896,-0.48955651152105234,A
0,0.4774774774774775,-1.127367823911828,0.7930527216746976,C
0,0.4834834834834836,3.4707140495623676,-0.14317010100302494,C
1,0.48948948948948967,-0.5230705872471865,1.097969208056971,B
1,0.4954954954954953,-1.7489433688734166,0.4154026936208038,C
1,0.5015015015015014,-0.7603901110814748,-0.45987639675507086,C
0,0.5075075075075075,-0.7893355693669047,-0.250360076902675,B
1,0.5135135135135136,-2.040524178442882,1.6857845002585856,C
1,0.5195195195195197,-1.8339395512814085,0.6187345834305452,C
1,0.5255255255255253,-2.661811248221129,1.541158101850745,B
1,0.5315315315315314,-1.7277650003389586,1.2806474441720417,B
0,0.5375375375375375,5.687894659193953,-0.48371425646732774,A
1,0.5435435435435436,0.11035335978948917,0.1201268971304141,B
1,0.5495495495495497,2.941876296230823,0.8486801548518342,A
1,0.5555555555555554,-1.8412807818599448,-1.1964958561008259,B
1,0.5615615615615615,-2.3770158056520585,-0.05339209735417575,A
1,0.5675675675675675,1.4447636749706834,-0.5864002697051187,C
1,0.5735735735735736,2.349345301376199,1.4230242167491007,A
0,0.5795795795795797,0.9461156601430899,-0.9890489484634939,A
0,0.5855855855855854,2.4085268789735275,-0.1283944117512997,A
1,0.5915915915915915,1.9768195729099551,0.4351736011501683,C
0,0.5975975975975976,0.5441915701291842,-0.7441037401244336,B
0,0.6036036036036037,-0.6947245569938796,-2.045002141700185,C
1,0.6096096096096097,2.6979075602402185,-0.915800813922572,C
1,0.6156156156156154,1.551542190489958,1.6657404955712487,A
0,0.6216216216216215,-0.6398031503730852,-0.8095286178693442,A
1,0.6276276276276276,-0.773355946585344,0.7843003910922205,B
1,0.6336336336336337,2.4528818861975017,-1.2117497486487225,A
0,0.6396396396396398,-0.6505755856701989,-1.4959602819602067,C
1,0.6456456456456454,0.8829230004633168,-0.2862451523685716,A
0,0.6516516516516515,-0.4925293594156818,0.6868572110044837,C
1,0.6576576576576576,-0.5431771500204039,-0.27688818185329667,A
1,0.6636636636636637,-4.573404299788322,0.5079639294115651,B
0,0.6696696696696698,1.6542559113198807,-0.45859954699386846,A
1,0.6756756756756754,-2.457863103104038,1.6270114069838286,A
1,0.6816816816816815,2.9593128551117642,1.2424546879274805,A
0,0.6876876876876876,-0.3871743505084036,-1.1516584832239654,C
1,0.6936936936936937,-0.2729839980215561,-0.6852256310868416,B
1,0.6996996996996998,0.08851271665978833,-0.41930467544605005,B
1,0.7057057057057055,1.677728265631365,0.6551944767496718,B
1,0.7117117117117115,1.4101949272287897,0.7498808351450523,B
1,0.7177177177177176,2.4857387857475146,0.018716795587452994,B
0,0.7237237237237237,-0.0031345216530289256,0.7001322175588911,A
1,0.7297297297297298,-1.5623799413859432,-0.10698674241919615,B
0,0.7357357357357359,-1.0518147467303909,-0.6509681827695768,A
0,0.7417417417417416,4.1519132367746145,-0.6917101365189171,C
0,0.7477477477477477,-0.4238371587177035,0.7371500382206091,A
1,0.7537537537537538,1.4702750651126606,-0.6377592546643115,A
0,0.7597597597597598,3.918038356426876,1.483531038695139,A
0,0.7657657657657659,-1.741173168117473,0.8267204224889738,A
1,0.7717717717717716,-2.2985141984361492,-0.14018074927542418,C
0,0.7777777777777777,-0.2543565156652017,-1.0322156153284834,A
0,0.7837837837837838,3.083681754917829,-0.9684073078377994,C
1,0.7897897897897899,-1.0597170232575621,0.11861540903217066,B
1,0.795795795795796,-1.306319298652902,0.8318756810034625,C
1,0.8018018018018016,-2.78812104382824,-0.4986741613797733,C
1,0.8078078078078077,2.6626611901299353,2.1936014821769536,B
1,0.8138138138138138,-5.945940338446122,1.5503581687451575,A
1,0.8198198198198199,0.6104283367569998,-2.425676984213093,B
1,0.825825825825826,1.1919661144116078,-0.23620927709397402,A
0,0.8318318318318316,-0.43314262519872027,0.9913400228820957,C
1,0.8378378378378377,0.6066436522568129,-0.3533318878293602,B
1,0.8438438438438438,-3.70037018486066,-1.0944066591116723,B
1,0.8498498498498499,2.2712111861399324,1.7927860918287486,A
1,0.855855855855856,1.7964540121830657,0.34431320968571927,A
1,0.8618618618618616,-3.5151185967602028,-0.782650635276962,A
1,0.8678678678678677,-3.3466346165427208,-1.6846220245079246,A
0,0.8738738738738738,0.37455935107733235,0.35743438558231966,A
1,0.8798798798798799,-2.983996620761635,1.7308155920631583,A
1,0.885885885885886,-0.26422545583175394,-0.27007294836309276,B
0,0.8918918918918917,-0.20356582561846254,1.1609840903701718,A
0,0.8978978978978978,-0.5574847722978646,0.6160865535417709,A
1,0.9039039039039038,-2.7995289227284874,0.20864255367370935,B
0,0.9099099099099099,0.4087091281505842,-2.0540655761559363,C
0,0.915915915915916,-0.5711535968662543,1.2345365173081901,A
1,0.9219219219219217,0.04437607572201602,0.291865721298928,A
0,0.9279279279279278,-0.032085128186897655,-0.8930206421874838,B
1,0.9339339339339339,2.0173831592582823,-0.556778490269793,A
1,0.93993993993994,1.270705395929915,0.644390205665725,A
0,0.945945945945946,-0.019785165320325544,-0.5358102098044153,C
0,0.9519519519519517,-0.9456066170692577,-0.22087340132313427,C
1,0.9579579579579578,2.8149443820946045,-0.9599552813166096,B
0,0.9639639639639639,1.8890679480647337,-0.10506791620937626,B
1,0.96996996996997,2.548420888304898,1.2887502300825555,A
1,0.9759759759759761,1.445279944625223,-0.2655117651346038,A
0,0.9819819819819822,3.6028111471169715,-0.7011873570820069,A
0,0.9879879879879878,4.447028340541733,1.4312188179438148,A
1,0.9939939939939939,1.3487386888647614,1.1219241832802012,C
1,1,-2.2136584545410667,0.3088507172059661,C
1,1.0060060060060056,1.6091331837393943,-1.5921923510009797,B
1,1.0120120120120122,0.16300125442280045,0.41427270619500084,A
1,1.0180180180180178,-0.09226156042128969,0.7032222583866333,B
1,1.0240240240240244,2.06909775760346,0.7569115014969491,C
1,1.03003003003003,1.2815776366142742,0.024469562537970953,C
1,1.0360360360360357,-3.0495013244832494,-0.36927316909790986,B
1,1.0420420420420422,1.069917302929195,-0.05997240219083364,A
0,1.0480480480480479,-2.205595539899488,-0.19856653246810682,A
0,1.0540540540540544,0.6223014473255609,-0.4347129958709211,A
1,1.06006006006006,-2.9653199529509964,0.09694285805287314,A
0,1.0660660660660657,1.5815617149787242,-1.153957458448281,A
1,1.0720720720720722,-3.5977379198197017,-0.5177565279408974,A
1,1.0780780780780779,1.983397817166842,1.3334612280188065,B
0,1.0840840840840844,-0.4069951826884454,-0.05650699829363975,C
1,1.09009009009009,-1.1132606926035538,-1.3460246102604594,B
0,1.0960960960960957,3.045200482300165,0.04366953061474264,C
1,1.1021021021021022,-2.5704096261349094,0.14001378626429045,A
0,1.108108108108108,2.7274766063934552,-0.8683457747538935,C
1,1.1141141141141144,0.8975802486285852,0.49395545886197023,C
0,1.12012012012012,4.084370002590621,-1.3303020962332626,C
1,1.1261261261261257,-2.3146010396963006,0.402668336339025,C
1,1.1321321321321323,0.6896808980792364,-0.6528534223415742,A
1,1.138138138138138,3.1538746004995826,-2.0894490885991206,B
0,1.1441441441441444,-0.7665458209557692,0.19379736543763637,C
1,1.15015015015015,0.5704144705613596,0.045184076791314136,B
0,1.1561561561561557,0.36705745412967145,-1.6804851954617666,A
1,1.1621621621621623,-0.0303127937877291,-0.3092314833580205,B
1,1.168168168168168,0.3229483311918431,0.7809570631746571,C
1,1.1741741741741745,-0.8115479157930497,0.2800318119474077,B
0,1.1801801801801801,-0.37227839536189167,0.12545222057239988,C
1,1.1861861861861858,3.1101966340113036,0.3191589955163177,C
1,1.1921921921921923,1.6223114484091934,0.2511418679582536,C
1,1.198198198198198,-4.796190335890533,0.6708044135981264,C
1,1.2042042042042045,-4.070597831872831,-1.3438200441850847,C
1,1.2102102102102101,2.5010466261660533,1.2151567512062627,A
1,1.2162162162162158,2.5826819358300863,-1.2423008182924558,A
1,1.2222222222222223,-2.155542012314074,0.6499196937099557,A
1,1.228228228228228,1.9092987201210776,1.0724224083111895,B
0,1.2342342342342345,-0.6549679037988223,0.2478208391426802,C
0,1.2402402402402402,1.590107858941736,0.6273485344814383,C
1,1.2462462462462458,2.351689883223322,-0.3501754339425692,B
1,1.2522522522522523,-2.310273797387168,-0.6075696431844012,C
1,1.258258258258258,2.830956184636006,0.16365552266880545,B
0,1.2642642642642645,-1.5727957646676847,0.10028635146363374,C
0,1.2702702702702702,3.8419797537003,-0.5443206167736656,A
0,1.2762762762762758,2.4134092019346904,1.0947790637082042,B
0,1.2822822822822824,0.28939372340414893,1.0914486952967346,A
0,1.288288288288288,3.2182231856360657,-0.36890850684122506,C
1,1.2942942942942945,0.8223373511932243,-0.8800626836376542,B
1,1.3003003003003002,-2.2146877250042882,-0.6180366374124773,A
0,1.3063063063063058,0.514291098408233,0.029092708810892834,A
0,1.3123123123123124,0.4725221779568055,1.0224006585437693,A
1,1.318318318318318,-1.9791262846753674,-0.754728544799458,A
1,1.3243243243243246,-1.7302646026518045,1.5571713975514652,B
0,1.3303303303303302,3.7275814394628024,0.30742277731726464,A
0,1.3363363363363359,-1.142082151565253,0.1555778279159783,C
0,1.3423423423423424,-0.5753367478011406,0.13315812779262148,A
1,1.348348348348348,1.8375976008994093,-1.9046079203491197,B
1,1.3543543543543546,-2.5099296128931345,-0.6983540532312698,C
0,1.3603603603603602,1.5160847957586014,-1.2388541029802123,C
0,1.3663663663663668,3.5034746103963674,0.022475797941410535,A
1,1.3723723723723724,0.7209188323201202,0.5258952094173804,C
1,1.378378378378378,0.8199106429141932,2.0683475555542703,A
0,1.3843843843843846,-1.5118967016079172,1.9022986049057626,A
0,1.3903903903903903,-1.280130248439376,-0.3997056026606812,C
1,1.3963963963963968,-2.7901794166333174,-1.6351456289739188,C
0,1.4024024024024024,0.29297054221839175,0.2928438181187028,C
1,1.408408408408408,-0.4640242920421623,-0.7504333412179752,B
0,1.4144144144144146,-0.29513728205911,-0.13576683046733137,C
1,1.4204204204204203,-0.7616811393281483,-1.2196903443046725,A
0,1.4264264264264268,4.104123114782517,0.22968122480264597,B
0,1.4324324324324325,-1.138314254849026,-0.8453103996034341,A
1,1.438438438438438,1.210060445444615,1.4472534906703682,B
1,1.4444444444444446,3.1145992438016505,0.6802993092300946,B
0,1.4504504504504503,3.324878013777357,1.648300334709644,A
1,1.4564564564564568,0.6104423167516546,-0.4795193120719211,B
0,1.4624624624624625,0.3544694715313085,1.2047943055797619,A
0,1.4684684684684681,0.26321815072703986,-0.33932554076431054,A
0,1.4744744744744747,6.125973258247225,-2.7963108665877536,B
0,1.4804804804804803,2.4920788837791625,0.2403867813985097,A
1,1.4864864864864868,-0.47513171959381556,0.7159794869622279,B
0,1.4924924924924925,1.9367243997967225,0.2136259402256891,A
0,1.4984984984984981,1.0445843299906892,0.11198608258982092,C
0,1.5045045045045047,5.834166659227235,-0.5208080692795011,B
1,1.5105105105105103,2.7346005526181423,-1.5943705367973193,B
1,1.5165165165165169,1.372702473024364,-0.22840682215441444,A
1,1.5225225225225225,1.9132035600285957,0.0010466674248370274,B
1,1.5285285285285282,2.296639304944686,-0.2870161311340581,B
1,1.5345345345345347,1.2650088779311788,0.4942146590948788,A
0,1.5405405405405403,-1.1937755410573572,-0.13344629956656723,C
1,1.5465465465465469,-3.0423790960326413,-0.4531109499566574,A
0,1.5525525525525525,-0.07207638089727968,-0.7165959639668392,C
1,1.5585585585585582,0.7806859172819122,-0.6620361413420374,A
0,1.5645645645645647,0.8280148139671883,1.1893186524967456,C
1,1.5705705705705704,1.3021229083994736,-0.2646426807722338,B
1,1.576576576576577,1.2211280794151909,-0.019027541833476637,B
1,1.5825825825825826,0.09637911179630244,-0.7948446331820364,B
0,1.5885885885885882,0.17857908179469217,1.1874916619876996,A
1,1.5945945945945947,-3.1130743822549807,-1.395396473827644,C
1,1.6006006006006004,1.1872646616341074,1.5268450537204883,C
1,1.606606606606607,1.6684779981929716,1.3081775894760284,B
1,1.6126126126126126,0.06564314770513066,0.8664681512690449,B
1,1.6186186186186182,0.5423440968147637,-0.3633530666138045,B
1,1.6246246246246248,0.12177460512422073,1.0192404349089563,B
1,1.6306306306306304,-2.2460833674113894,-1.1691175470880355,C
1,1.636636636636637,-3.940887146417798,0.3399562295004252,A
1,1.6426426426426426,-2.1222659837770346,-0.6887054926725549,B
1,1.6486486486486482,-1.7306785342820539,-0.08617513896385295,B
1,1.6546546546546548,0.9997577981219667,-0.2561837521656292,A
1,1.6606606606606604,-3.5248151492833943,-1.541740538263316,C
0,1.666666666666667,-0.43651165761983673,-1.1687207002912396,B
1,1.6726726726726726,2.555095712893643,-0.6758894276735006,C
1,1.6786786786786783,-1.8825785515992,-0.013778126665944704,B
1,1.6846846846846848,1.598895176964844,1.1795720305326067,A
0,1.6906906906906904,-0.42465423706104966,-0.3807496141886229,A
1,1.696696696696697,2.9763527837673047,-0.9720198291105276,B
1,1.7027027027027026,2.5952790625502735,-0.3253940170296864,B
1,1.7087087087087083,0.6514421965346352,-1.1145082487513054,C
1,1.7147147147147148,-2.584501806558384,0.07820716505197695,A
0,1.7207207207207205,1.051628015397999,-0.3498959615022774,A
1,1.726726726726727,1.1994738054312615,0.19480259516220494,C
0,1.7327327327327327,0.9619045142793304,-1.0559228993503202,A
1,1.7387387387387383,-0.8523432377996147,0.9075906840962558,B
1,1.7447447447447448,-0.24053622587462298,-2.3550835612898795,B
0,1.7507507507507505,1.57245479283504,-0.3146239008212357,A
0,1.756756756756757,-0.9264134072868695,-1.1414584973882278,A
1,1.7627627627627627,-2.496301958001559,-1.1074617875952135,B
1,1.7687687687687683,-0.4388302677848563,0.1982945920537212,B
0,1.7747747747747749,-1.6743586757975575,-1.6249383189891924,C
1,1.7807807807807805,-2.2449473028795346,-1.1704824708488826,B
0,1.786786786786787,-1.3808865340928613,-0.5829844066114016,C
1,1.7927927927927927,-3.916322220616435,1.1026225811097214,C
1,1.7987987987987983,0.3310713749962859,2.277499534926129,B
1,1.8048048048048049,-3.0314632055964212,1.0535362622835545,A
1,1.8108108108108105,2.0217353838472167,0.24640325002613955,B
0,1.816816816816817,-0.5403448928066396,0.28488763393805355,C
0,1.8228228228228227,0.7540722393598029,2.0657538629172265,A
0,1.8288288288288284,-0.7712605170641144,-1.9948647112440279,A
1,1.834834834834835,-1.0690657734269118,0.16172413393497298,A
1,1.8408408408408405,1.7285308742764716,-0.34680527113512305,C
0,1.846846846846847,1.2892171587430374,1.3599647861714361,A
1,1.8528528528528527,1.7005959417368728,-2.082138001412416,A
1,1.8588588588588584,-0.7114497073813182,-1.0167501165474404,C
0,1.864864864864865,-0.17436783888731427,-0.5838218593983945,A
0,1.8708708708708706,2.821118364221804,-0.09436278001327048,A
1,1.876876876876877,0.9473692210981668,0.08175792518135586,B
0,1.8828828828828827,-0.13722925264878444,-0.80872234550739,A
0,1.8888888888888893,2.992109000865523,-0.5023187797292851,C
1,1.894894894894895,2.010461268209853,-0.6898950091248706,C
0,1.9009009009009006,2.0046244220265583,-1.7277767648413793,C
0,1.9069069069069071,2.6496181522092512,-1.3001732829082169,A
1,1.9129129129129128,-2.3458799006995865,0.9097878968683636,A
0,1.9189189189189193,-1.4641177352079289,-0.040186721020095933,C
0,1.924924924924925,-0.41304341324237864,0.6456218063157522,A
0,1.9309309309309306,0.14431598318193298,-0.7751192793320588,B
0,1.9369369369369371,1.8345053974269203,-2.0314162561001226,C
0,1.9429429429429428,-0.3546419316980575,3.5565742462909054,A
1,1.9489489489489493,-1.595665676644216,0.04891666224377934,B
0,1.954954954954955,3.1205776205679654,0.6720324344777455,C
1,1.9609609609609606,-2.018553324303755,-1.8533714453440358,A
0,1.9669669669669672,1.4161720777997269,-1.0034819069720013,A
0,1.9729729729729728,0.08510422240031057,2.17712917575517,B
1,1.9789789789789793,-1.4978456996899665,-0.1101074810870804,A
0,1.984984984984985,1.4874473260460137,1.219811858170337,C
1,1.9909909909909906,-0.12174106799798319,-0.318662720900341,B
0,1.9969969969969972,3.1185761907368184,0.33117071951086924,A
0,2.003003003003003,-1.7132829049208773,0.5087221783058755,A
0,2.0090090090090094,-0.604365348849547,0.751165012231325,C
0,2.015015015015015,0.9234494439518566,0.3575727541855754,A
0,2.0210210210210207,-0.5930954245693466,0.1706914916959225,A
1,2.027027027027027,-0.5494006568426674,-2.119722935723545,B
1,2.033033033033033,0.04028293273239179,-1.3521836961014428,C
1,2.0390390390390394,1.1277395715431286,0.8073852303375598,A
1,2.045045045045045,-1.6133724605913375,-1.4488450753936766,B
0,2.0510510510510507,3.144935207419794,0.32589617625219197,A
1,2.057057057057057,0.184440170513352,-0.5404078225124724,B
0,2.063063063063063,2.5917107119421527,-1.466232107272874,C
1,2.0690690690690694,-0.10489930796035962,-0.2363334946173911,B
1,2.075075075075075,-1.5342597491816627,-1.4919517198163408,B
1,2.0810810810810807,-0.32528866612882595,-2.296452705595205,B
0,2.0870870870870872,2.614298724371295,0.3904930101130138,A
0,2.093093093093093,1.2381319291859358,1.348345615892732,C
1,2.0990990990990994,-2.7080028668244376,-0.15204188768135324,C
1,2.105105105105105,1.6897454635501643,0.013631088523414393,C
1,2.1111111111111107,-4.6885567295334845,-0.9394146461900048,B
0,2.1171171171171173,-1.0355908128405882,-0.16208600971002432,C
0,2.123123123123123,2.7169438182549053,0.7663457715581418,A
1,2.1291291291291294,1.3844087305309056,0.9484758627649292,A
1,2.135135135135135,-0.677262392785839,-1.1611717164520186,B
0,2.1411411411411407,-0.8743494697108488,-1.1875120374096655,A
0,2.1471471471471473,-2.1063761770197744,1.6161013077099005,C
0,2.153153153153153,-0.7161086731682637,-0.28765498345938734,A
1,2.1591591591591595,0.7629662456648334,0.6794399513530943,B
0,2.165165165165165,3.8792420530231264,-0.41807513593982526,C
0,2.1711711711711708,-0.16172995676627255,1.3906541971523587,C
0,2.1771771771771773,4.543574440719488,0.45286357312851316,B
1,2.183183183183183,-4.101659075653046,0.9991856113231351,B
1,2.1891891891891895,0.9372966129853598,-0.24436062993976454,B
1,2.195195195195195,-0.25369053840480527,1.4203759830438745,B
0,2.2012012012012008,0.07439779425370788,-0.006749493804337565,B
0,2.2072072072072073,1.5618170498921458,0.9978228827077643,A
1,2.213213213213213,-1.4513561932865995,-0.5203988379192341,C
0,2.2192192192192195,3.9881643468879773,-1.3038849709919276,A
0,2.225225225225225,0.0066400812845594575,0.6463506177621171,C
1,2.231231231231231,-3.4860348598799753,-0.5296076856666471,C
1,2.2372372372372373,1.0828943671669522,0.32387258798627905,B
1,2.243243243243243,-0.5837546490839973,1.3656108493088197,B
1,2.2492492492492495,-0.40023712859474125,-1.5722954361445347,B
1,2.255255255255255,0.6253925480961364,0.4499633263056416,C
1,2.261261261261261,1.32146746419557,-0.46272007917228564,B
0,2.2672672672672673,1.5343668502326973,1.198434969426272,C
1,2.273273273273273,0.5573643942330999,0.2645889096155005,B
1,2.2792792792792795,1.887021256205524,0.38734050982139256,B
0,2.285285285285285,-0.39538315587726475,-0.3689316158338385,C
0,2.291291291291291,0.7266722533234207,-0.8648839116989635,C
1,2.2972972972972974,-2.069720251070758,-0.15483478638320278,C
1,2.303303303303303,-1.6119806831088488,-0.6561706756147874,B
0,2.3093093093093096,-0.5227439911595712,0.23204905668387985,B
0,2.315315315315315,-0.3792421098619208,0.8083918521761797,A
0,2.321321321321321,0.6138212076159172,0.11122686108738113,C
0,2.3273273273273274,1.8358821151909142,-0.9870806195237554,C
1,2.333333333333333,3.5707596496373197,-0.6244520579560677,B
1,2.3393393393393396,-0.6031933349073484,0.46789303400320625,A
0,2.3453453453453452,1.7372381302105873,-1.248514588983588,A
0,2.351351351351351,0.8601443199131574,0.7438864906387678,C
0,2.3573573573573574,0.0563285715557318,-0.021343405760313888,C
1,2.363363363363363,-3.0504746371119404,-1.3181719398110034,B
1,2.3693693693693696,-0.5165700917980491,0.6916545954737117,B
0,2.3753753753753752,0.27309370055618876,-0.047339464789435674,C
0,2.381381381381381,-0.7174521948054361,0.8373196919846381,C
1,2.3873873873873874,0.6901168934228078,-1.014979993626243,B
0,2.393393393393393,0.48803333704856694,-0.41391426688221206,A
0,2.3993993993993996,0.8479721467845439,-0.09440750568030389,A
1,2.4054054054054053,-1.8062420124123026,0.0628628487583679,C
1,2.411411411411412,-2.736541725846417,-0.7106967017985878,B
1,2.4174174174174174,-0.8476377958649094,-0.935698189096472,B
1,2.423423423423423,-3.919775624450475,0.602408261153701,A
0,2.4294294294294296,-0.3278617473133774,-3.3435246455892216,C
0,2.4354354354354353,-1.8609925935105531,-1.2088531031572771,C
1,2.441441441441442,-0.8140272883943291,0.15688780528213617,B
0,2.4474474474474475,5.329438707888972,0.8037161675505059,C
0,2.453453453453453,0.3601796839364364,-0.18291285848567126,C
1,2.4594594594594597,-1.8444174362923127,-1.3034196448125566,B
0,2.4654654654654653,2.4550689360103473,2.1497630346656353,C
0,2.471471471471472,2.034576983794205,0.09970888275259526,A
1,2.4774774774774775,1.2924823462987218,0.8288020971330616,A
0,2.483483483483483,-1.7131897857561829,1.5090330671961045,C
0,2.4894894894894897,-0.7081689268757692,-2.0965838673577357,A
0,2.4954954954954953,-0.9515032647300354,-1.1137972219786076,A
1,2.501501501501502,-2.8414264860215837,-0.9012841053282965,B
1,2.5075075075075075,2.348496588948549,-0.3979046909907833,B
0,2.513513513513513,-1.3167549330287898,-2.034597360622337,A
1,2.5195195195195197,2.8536700165830156,0.20723262322886396,B
0,2.5255255255255253,-0.7449022650698398,0.09831021766817302,A
1,2.531531531531532,3.230449276293124,1.310198843591253,B
1,2.5375375375375375,-2.1768002704760256,1.6788593549509296,B
1,2.543543543543543,-2.6447962279155703,-0.9277947036517882,C
1,2.5495495495495497,-2.2698886904289384,-0.11599733893693516,B
1,2.5555555555555554,2.9185427660047494,1.1240939431848944,A
0,2.561561561561562,-0.0944688794467467,0.6448551953408413,C
1,2.5675675675675675,1.2120344966056646,-0.9918143403286934,A
1,2.573573573573573,1.782296311791743,0.2635292971408957,B
1,2.5795795795795797,1.4020560713632788,-0.4182264290777914,A
1,2.5855855855855854,-1.991631097713666,1.1904818349837893,B
1,2.591591591591592,1.3977227690223317,0.1674883846918155,A
1,2.5975975975975976,-0.7056123579024777,-0.4705364574601312,B
0,2.603603603603603,-1.312958370331934,-0.6984331318055806,A
1,2.6096096096096097,2.25270482311139,1.725614349511697,C
1,2.6156156156156154,1.165655080334052,0.5029108562140463,B
1,2.621621621621622,-3.1398686018968034,-0.048999914660616976,A
0,2.6276276276276276,3.0630071190992907,-0.061049173050620305,A
0,2.6336336336336332,1.744556573725718,-0.26966624378843496,A
0,2.6396396396396398,4.547136055960393,0.7279581198508946,A
0,2.6456456456456454,0.6756140292032897,0.9172929741545011,A
1,2.651651651651652,1.5955786074706289,1.872480408885755,C
0,2.6576576576576576,-0.3763599799394478,1.024485779338432,C
1,2.6636636636636633,-0.36311718021233114,-1.6836538552325833,B
0,2.66966966966967,2.9463291008873624,0.6890078410799549,A
1,2.6756756756756754,-2.0837398303464694,-0.0044849059684066,A
0,2.681681681681682,-2.0762870584905166,0.3623693416871744,A
0,2.6876876876876876,0.5525205071808507,-0.9678961985299656,C
0,2.6936936936936933,0.2362406901388056,0.27035521912756694,C
0,2.6996996996997,2.1789422804847534,-0.018142771932192648,A
1,2.7057057057057055,-1.8352920014362668,0.9096459466701464,B
0,2.711711711711712,2.4153924363047534,0.8576349706263728,A
1,2.7177177177177176,-3.0174051875527876,-0.4993462799276511,C
0,2.7237237237237233,-1.7785481878311638,-0.533986664533107,A
0,2.72972972972973,-2.109207419229487,0.20141004245518807,C
1,2.7357357357357355,-2.7525710038994844,0.10645008923175775,C
0,2.741741741741742,-1.3958546896259287,-0.457266414927174,A
0,2.7477477477477477,-0.5464637198437297,0.9157842306412386,A
0,2.7537537537537533,-1.2086979677993175,0.44181191351471155,A
1,2.75975975975976,-1.7538661142662646,1.4173905888237712,B
1,2.7657657657657655,-1.7609276998413452,1.441018758022129,B
1,2.771771771771772,0.5485827105036021,0.8024233247319239,A
1,2.7777777777777777,-1.695396411886949,0.45579703835069424,A
1,2.7837837837837833,2.0212556927485967,-0.561485798461264,A
1,2.78978978978979,-1.1818165679051438,1.1614125163848468,B
1,2.7957957957957955,-1.4280631093338705,-0.8670664274258528,B
0,2.801801801801802,-1.1986340598201135,-1.7225691388890205,A
1,2.8078078078078077,-2.210977931440444,0.1986458084663482,B
0,2.8138138138138133,-0.8743130721842113,0.41262679056871276,C
1,2.81981981981982,1.542426211837242,0.6346519356639598,B
0,2.8258258258258255,-0.21030388338287592,0.7397053539628186,C
0,2.831831831831832,-1.257594660884762,1.0842321909202983,C
1,2.8378378378378377,-1.9806601561173798,0.42892413652750994,B
1,2.8438438438438434,1.0303299560452748,-0.4397588509880925,B
1,2.84984984984985,-3.5996922996807985,0.08909228055959804,B
1,2.8558558558558556,1.9906793917445837,1.057530140058754,A
0,2.861861861861862,-0.18562759909613552,1.0580771438773167,A
1,2.8678678678678677,-3.2697232421665454,0.2929629233191884,B
1,2.8738738738738734,1.6649888669455388,0.34937088772964003,B
0,2.87987987987988,-0.9307530313485914,-0.19409586758284778,A
1,2.8858858858858856,-2.63183894929239,0.08729947370010967,A
0,2.891891891891892,0.1481622326805494,-1.6201528771261235,A
1,2.8978978978978978,-0.07781086868858124,1.1567165487646272,B
0,2.9039039039039043,-1.6678940908334539,-0.903357577678059,A
1,2.90990990990991,0.16329104164886624,-0.8964374560539126,B
1,2.9159159159159156,-1.86781268494521,0.17726146821780692,B
0,2.921921921921922,3.7974191790783642,1.0267756520810207,C
1,2.9279279279279278,0.2069981459938761,0.895199116748829,C
0,2.9339339339339343,-0.5318403345674683,-0.44768170783297256,B
0,2.93993993993994,0.9900696766871813,0.02138954348289498,C
1,2.9459459459459456,-2.2357200661292214,0.25627493282488056,C
0,2.951951951951952,1.2331581900992483,-1.1251638643019015,C
0,2.957957957957958,1.1208590737573085,-0.26407548900012395,C
1,2.9639639639639643,-0.18250006463843363,0.6891848347756013,B
0,2.96996996996997,-1.3088814998930067,0.17331830911241622,A
1,2.9759759759759756,-1.4982679181587348,-0.5613552770857613,C
0,2.981981981981982,2.7135618574655953,0.551565147881297,C
0,2.987987987987988,-0.2759509053807023,-0.327918747828165,B
0,2.9939939939939944,-0.3241339927219318,-1.4130141123244488,C
1,3,1.3274742798991734,-1.807920828884568,A
